{
    "rand_index": 0.5168408826945412,
    "mutual_info": 0.13064043746759807
}