{
    "rand_index": 0.8080380750925437,
    "mutual_info": 0.9867223113747359
}