{
    "rand_index": 0.5727043292564551,
    "mutual_info": 0.1824624918206338
}