{
    "rand_index": 0.5684315684315684,
    "mutual_info": 0.1622957740100734
}