{
    "rand_index": 0.7876923076923077,
    "mutual_info": 0.36933873890960833
}