{
    "rand_index": 0.6160965794768611,
    "mutual_info": 0.21983558842244835
}