{
    "rand_index": 0.691553544494721,
    "mutual_info": 0.5268707093833211
}