{
    "rand_index": 0.5890118423607067,
    "mutual_info": 0.20043202804828858
}